-- Exportación de datos para Hostinger
SET FOREIGN_KEY_CHECKS = 0;

-- Datos para categorias
TRUNCATE TABLE categorias;
INSERT INTO categorias (id, descripcion) VALUES (2, 'DESMAMANTE HEMBRA');
INSERT INTO categorias (id, descripcion) VALUES (1, 'DESMAMANTE MACHO');
INSERT INTO categorias (id, descripcion) VALUES (20, 'DESMAMANTE_M');
INSERT INTO categorias (id, descripcion) VALUES (19, 'TERNERO');
INSERT INTO categorias (id, descripcion) VALUES (4, 'TERNERO HEMBRA');
INSERT INTO categorias (id, descripcion) VALUES (3, 'TERNERO MACHO');
INSERT INTO categorias (id, descripcion) VALUES (6, 'TORO');
INSERT INTO categorias (id, descripcion) VALUES (5, 'VAQUILLA');
INSERT INTO categorias (id, descripcion) VALUES (21, 'VAQUILLONA');

-- Datos para clientes
TRUNCATE TABLE clientes;
INSERT INTO clientes (id, nombre, ruc, telefono, email, direccion, tipo, created_at) VALUES (2, 'AMADO PERALTA', 'S/N', NULL, NULL, NULL, 'PROVEEDOR', '2026-03-03 15:46:55');
INSERT INTO clientes (id, nombre, ruc, telefono, email, direccion, tipo, created_at) VALUES (3, 'ELVA CESPEDES', 'S/N', NULL, NULL, NULL, 'PROVEEDOR', '2026-03-03 15:48:37');
INSERT INTO clientes (id, nombre, ruc, telefono, email, direccion, tipo, created_at) VALUES (4, 'DOÑA SILVANA', 'S/N', NULL, NULL, NULL, 'PROVEEDOR', '2026-03-03 15:51:39');
INSERT INTO clientes (id, nombre, ruc, telefono, email, direccion, tipo, created_at) VALUES (5, 'DOC EVA GOMEZ', 'S/N', NULL, NULL, NULL, 'PROVEEDOR', '2026-03-03 16:01:29');
INSERT INTO clientes (id, nombre, ruc, telefono, email, direccion, tipo, created_at) VALUES (6, 'JUAN LUGO', 'S/N', NULL, NULL, NULL, 'PROVEEDOR', '2026-03-03 16:31:52');
INSERT INTO clientes (id, nombre, ruc, telefono, email, direccion, tipo, created_at) VALUES (7, 'MRIA FATIMA BAEZ', '1626418', NULL, NULL, NULL, 'PROVEEDOR', '2026-03-03 18:13:42');
INSERT INTO clientes (id, nombre, ruc, telefono, email, direccion, tipo, created_at) VALUES (8, 'NELSON PEREIRA', '5147895', NULL, NULL, NULL, 'PROVEEDOR', '2026-03-04 01:11:12');
INSERT INTO clientes (id, nombre, ruc, telefono, email, direccion, tipo, created_at) VALUES (9, 'ELENA RIVSROLA RAMIREZ', '2187621', NULL, NULL, NULL, 'PROVEEDOR', '2026-03-04 02:49:11');
INSERT INTO clientes (id, nombre, ruc, telefono, email, direccion, tipo, created_at) VALUES (10, 'LOURDES EUSEBIA PORTILLO ARABDA', '3695997', NULL, NULL, NULL, 'PROVEEDOR', '2026-03-04 03:04:55');
INSERT INTO clientes (id, nombre, ruc, telefono, email, direccion, tipo, created_at) VALUES (11, 'GERARDO LUIS BOGADO LEZCANO', '2416298', NULL, NULL, NULL, 'PROVEEDOR', '2026-03-04 03:15:05');
INSERT INTO clientes (id, nombre, ruc, telefono, email, direccion, tipo, created_at) VALUES (12, 'JUAN ANGEL CÉSPEDES GARCETE', '4217170', NULL, NULL, NULL, 'PROVEEDOR', '2026-03-04 03:22:23');
INSERT INTO clientes (id, nombre, ruc, telefono, email, direccion, tipo, created_at) VALUES (13, 'DARIO OBREGON', '2468716', NULL, NULL, NULL, 'PROVEEDOR', '2026-03-04 03:32:19');
INSERT INTO clientes (id, nombre, ruc, telefono, email, direccion, tipo, created_at) VALUES (14, 'RAIMUNDA GALEANO', '2089945', NULL, NULL, NULL, 'PROVEEDOR', '2026-03-04 15:20:03');

-- Datos para compras_lotes
TRUNCATE TABLE compras_lotes;
INSERT INTO compras_lotes (id, fecha, cantidad_animales, pelaje, peso_promedio_compra, peso_total, costo_unitario, costo_total, ganancia_estimada, vendedor, lugar_procedencia, tipo_documento, nro_cot, observaciones, created_at, nro_guia, comision_feria, flete, tasas, porcentaje_ganancia, comparador, tipo_ingreso) VALUES (2, '2026-02-12 03:00:00', 1, '', '160.00', '160.00', '2500000.00', '2533000.00', '886550.00', 'Amado PERALTA', 'San Jorge', 'Sin Documento', '', '', '2026-03-03 15:47:24', '', '0.00', '30000.00', '0.00', '35.00', NULL, 'masivo');
INSERT INTO compras_lotes (id, fecha, cantidad_animales, pelaje, peso_promedio_compra, peso_total, costo_unitario, costo_total, ganancia_estimada, vendedor, lugar_procedencia, tipo_documento, nro_cot, observaciones, created_at, nro_guia, comision_feria, flete, tasas, porcentaje_ganancia, comparador, tipo_ingreso) VALUES (3, '2026-02-12 03:00:00', 1, '', '239.00', '239.00', '3000000.00', '3033000.00', '1061550.00', 'ELVA CESPEDES', 'Ita Hugua', 'Sin Documento', '', '', '2026-03-03 15:50:31', '', '0.00', '30000.00', '0.00', '35.00', NULL, 'masivo');
INSERT INTO compras_lotes (id, fecha, cantidad_animales, pelaje, peso_promedio_compra, peso_total, costo_unitario, costo_total, ganancia_estimada, vendedor, lugar_procedencia, tipo_documento, nro_cot, observaciones, created_at, nro_guia, comision_feria, flete, tasas, porcentaje_ganancia, comparador, tipo_ingreso) VALUES (4, '2026-02-24 03:00:00', 3, '', '159.30', '477.90', '2400000.00', '7310000.00', '2558500.00', 'DOÑA SILVANA', 'Ita Hugua', 'Sin Documento', '', '', '2026-03-03 15:59:40', '', '50000.00', '50000.00', '0.00', '35.00', NULL, 'masivo');
INSERT INTO compras_lotes (id, fecha, cantidad_animales, pelaje, peso_promedio_compra, peso_total, costo_unitario, costo_total, ganancia_estimada, vendedor, lugar_procedencia, tipo_documento, nro_cot, observaciones, created_at, nro_guia, comision_feria, flete, tasas, porcentaje_ganancia, comparador, tipo_ingreso) VALUES (5, '2026-02-24 03:00:00', 3, '', '248.30', '744.90', '4470000.00', '13685000.00', '4789750.00', 'DOC EVA GOMEZ', 'Ka''atygue', 'Sin Documento', '', '', '2026-03-03 16:06:14', '', '150000.00', '100000.00', '0.00', '35.00', NULL, 'masivo');
INSERT INTO compras_lotes (id, fecha, cantidad_animales, pelaje, peso_promedio_compra, peso_total, costo_unitario, costo_total, ganancia_estimada, vendedor, lugar_procedencia, tipo_documento, nro_cot, observaciones, created_at, nro_guia, comision_feria, flete, tasas, porcentaje_ganancia, comparador, tipo_ingreso) VALUES (6, '2026-03-02 03:00:00', 4, '', '178.80', '715.20', '3217500.00', '13145000.00', '4600750.00', 'JUAN LUGO', 'Ka''atygue', 'Sin Documento', '', '', '2026-03-03 16:40:53', '', '0.00', '250000.00', '0.00', '35.00', NULL, 'masivo');
INSERT INTO compras_lotes (id, fecha, cantidad_animales, pelaje, peso_promedio_compra, peso_total, costo_unitario, costo_total, ganancia_estimada, vendedor, lugar_procedencia, tipo_documento, nro_cot, observaciones, created_at, nro_guia, comision_feria, flete, tasas, porcentaje_ganancia, comparador, tipo_ingreso) VALUES (7, '2026-02-10 03:00:00', 2, '', '200.00', '400.00', '3500000.00', '7055000.00', '2469250.00', 'Bernardo Ayala', 'San Jorge', 'Completa', '', '', '2026-03-03 17:35:21', '10894448', '0.00', '50000.00', '0.00', '35.00', NULL, 'masivo');
INSERT INTO compras_lotes (id, fecha, cantidad_animales, pelaje, peso_promedio_compra, peso_total, costo_unitario, costo_total, ganancia_estimada, vendedor, lugar_procedencia, tipo_documento, nro_cot, observaciones, created_at, nro_guia, comision_feria, flete, tasas, porcentaje_ganancia, comparador, tipo_ingreso) VALUES (8, '2026-02-10 03:00:00', 1, '', '246.00', '246.00', '4305000.00', '4360000.00', '1526000.00', 'ROQUE AYALA', 'San Jorge', 'Completa', '', '', '2026-03-03 18:06:30', '10886466', '0.00', '50000.00', '0.00', '35.00', NULL, 'masivo');
INSERT INTO compras_lotes (id, fecha, cantidad_animales, pelaje, peso_promedio_compra, peso_total, costo_unitario, costo_total, ganancia_estimada, vendedor, lugar_procedencia, tipo_documento, nro_cot, observaciones, created_at, nro_guia, comision_feria, flete, tasas, porcentaje_ganancia, comparador, tipo_ingreso) VALUES (9, '2026-01-13 03:00:00', 1, '', '160.00', '160.00', '2500000.00', '2610000.00', '913500.00', 'MARIA FATIMA BAEZ', 'Ykuasatî', 'Completa', '', '', '2026-03-03 18:16:09', '10897803', '50000.00', '50000.00', '0.00', '35.00', NULL, 'masivo');
INSERT INTO compras_lotes (id, fecha, cantidad_animales, pelaje, peso_promedio_compra, peso_total, costo_unitario, costo_total, ganancia_estimada, vendedor, lugar_procedencia, tipo_documento, nro_cot, observaciones, created_at, nro_guia, comision_feria, flete, tasas, porcentaje_ganancia, comparador, tipo_ingreso) VALUES (10, '2026-02-26 03:00:00', 2, 'NEGRO', '172.00', '344.00', '3000000.00', '7320000.00', '2562000.00', 'NELSON PEREIRA', '3 de mayo', 'Completa', '', '', '2026-03-04 01:22:24', '10896476', '1200000.00', '0.00', '0.00', '35.00', 'M', 'detallado');
INSERT INTO compras_lotes (id, fecha, cantidad_animales, pelaje, peso_promedio_compra, peso_total, costo_unitario, costo_total, ganancia_estimada, vendedor, lugar_procedencia, tipo_documento, nro_cot, observaciones, created_at, nro_guia, comision_feria, flete, tasas, porcentaje_ganancia, comparador, tipo_ingreso) VALUES (11, '2026-02-09 03:00:00', 1, 'CHAROLE', '234.00', '234.00', '3978000.00', '4088000.00', '1430800.00', 'ELENA RIVSROLA RAMIREZ', 'San Jose', 'Completa', '', '', '2026-03-04 02:52:47', '10892104', '50000.00', '50000.00', '0.00', '35.00', 'M', 'detallado');
INSERT INTO compras_lotes (id, fecha, cantidad_animales, pelaje, peso_promedio_compra, peso_total, costo_unitario, costo_total, ganancia_estimada, vendedor, lugar_procedencia, tipo_documento, nro_cot, observaciones, created_at, nro_guia, comision_feria, flete, tasas, porcentaje_ganancia, comparador, tipo_ingreso) VALUES (12, '2026-02-05 03:00:00', 2, 'OSCO', '120.00', '240.00', '2150000.00', '4542000.00', '1589700.00', 'LOURDES EUSEBIA PORTILLO ARABDA', 'Yacarey', 'Completa', '', '', '2026-03-04 03:11:05', '10891035', '150000.00', '70000.00', '0.00', '35.00', 'M', 'detallado');
INSERT INTO compras_lotes (id, fecha, cantidad_animales, pelaje, peso_promedio_compra, peso_total, costo_unitario, costo_total, ganancia_estimada, vendedor, lugar_procedencia, tipo_documento, nro_cot, observaciones, created_at, nro_guia, comision_feria, flete, tasas, porcentaje_ganancia, comparador, tipo_ingreso) VALUES (13, '2026-02-02 03:00:00', 1, 'OSCO', '150.00', '150.00', '3200000.00', '3200000.00', '1120000.00', 'GERARDO LUIS BOGADO LEZCANO', '', 'Completa', '', '', '2026-03-04 03:16:43', '10887769', '0.00', '0.00', '0.00', '35.00', 'M', 'detallado');
INSERT INTO compras_lotes (id, fecha, cantidad_animales, pelaje, peso_promedio_compra, peso_total, costo_unitario, costo_total, ganancia_estimada, vendedor, lugar_procedencia, tipo_documento, nro_cot, observaciones, created_at, nro_guia, comision_feria, flete, tasas, porcentaje_ganancia, comparador, tipo_ingreso) VALUES (14, '2026-02-03 03:00:00', 1, 'OVERO GRIS', '120.00', '120.00', '2500000.00', '2500000.00', '875000.00', 'JUAN ANGEL CÉSPEDES GARCETE', 'Ita Hugua', 'Completa', '', '', '2026-03-04 03:24:14', '10872987', '0.00', '0.00', '0.00', '35.00', 'M', 'detallado');
INSERT INTO compras_lotes (id, fecha, cantidad_animales, pelaje, peso_promedio_compra, peso_total, costo_unitario, costo_total, ganancia_estimada, vendedor, lugar_procedencia, tipo_documento, nro_cot, observaciones, created_at, nro_guia, comision_feria, flete, tasas, porcentaje_ganancia, comparador, tipo_ingreso) VALUES (15, '2026-01-23 03:00:00', 1, 'ROJO', '2400000.00', '2400000.00', '2400000.00', '2510000.00', '878500.00', 'DARIO OBREGON', 'Cerca del pueblo', 'Completa', '', '', '2026-03-04 03:36:24', '10871952', '50000.00', '50000.00', '0.00', '35.00', 'M', 'detallado');
INSERT INTO compras_lotes (id, fecha, cantidad_animales, pelaje, peso_promedio_compra, peso_total, costo_unitario, costo_total, ganancia_estimada, vendedor, lugar_procedencia, tipo_documento, nro_cot, observaciones, created_at, nro_guia, comision_feria, flete, tasas, porcentaje_ganancia, comparador, tipo_ingreso) VALUES (16, '2026-03-04 03:00:00', 11, '', '220.60', '2426.60', '3971455.00', '43961005.00', '15386351.75', 'RAIMUNDA GALEANO', 'Cerca del pueblo', 'Sin Documento', '', '', '2026-03-04 15:36:34', '', '0.00', '250000.00', '0.00', '35.00', 'M', 'detallado');

-- Datos para animales
TRUNCATE TABLE animales;
INSERT INTO animales (id, caravana_visual, caravana_rfid, categoria_id, pelaje, peso_inicial, rodeo_id, peso_actual, precio_compra, fecha_nacimiento, negocio_destino, estado_general, estado_sanitario, fecha_liberacion_carencia, campana_aftosa_vigente, vacunado_aftosa, apto_ue, comparador) VALUES (2, '000943175', NULL, 1, 'CHAROLE', '160.00', NULL, '160.00', '2500000.00', NULL, 'ENGORDE', 'ACTIVO', 'ACTIVO', NULL, 0, 0, 0, NULL);
INSERT INTO animales (id, caravana_visual, caravana_rfid, categoria_id, pelaje, peso_inicial, rodeo_id, peso_actual, precio_compra, fecha_nacimiento, negocio_destino, estado_general, estado_sanitario, fecha_liberacion_carencia, campana_aftosa_vigente, vacunado_aftosa, apto_ue, comparador) VALUES (3, '001841541', NULL, 1, 'SIN ESPECIFICAR', '239.00', NULL, '239.00', '3000000.00', NULL, 'ENGORDE', 'ACTIVO', 'ACTIVO', NULL, 0, 0, 0, NULL);
INSERT INTO animales (id, caravana_visual, caravana_rfid, categoria_id, pelaje, peso_inicial, rodeo_id, peso_actual, precio_compra, fecha_nacimiento, negocio_destino, estado_general, estado_sanitario, fecha_liberacion_carencia, campana_aftosa_vigente, vacunado_aftosa, apto_ue, comparador) VALUES (4, 'AGREGAR', NULL, 1, 'BARVINO', '148.00', NULL, '148.00', '2400000.00', NULL, 'ENGORDE', 'ACTIVO', 'ACTIVO', NULL, 0, 0, 0, NULL);
INSERT INTO animales (id, caravana_visual, caravana_rfid, categoria_id, pelaje, peso_inicial, rodeo_id, peso_actual, precio_compra, fecha_nacimiento, negocio_destino, estado_general, estado_sanitario, fecha_liberacion_carencia, campana_aftosa_vigente, vacunado_aftosa, apto_ue, comparador) VALUES (5, 'AGREFAR', NULL, 1, 'BLANCO', '180.00', NULL, '180.00', '2400000.00', NULL, 'ENGORDE', 'ACTIVO', 'ACTIVO', NULL, 0, 0, 0, NULL);
INSERT INTO animales (id, caravana_visual, caravana_rfid, categoria_id, pelaje, peso_inicial, rodeo_id, peso_actual, precio_compra, fecha_nacimiento, negocio_destino, estado_general, estado_sanitario, fecha_liberacion_carencia, campana_aftosa_vigente, vacunado_aftosa, apto_ue, comparador) VALUES (6, '000854670', NULL, 1, 'NEGRO', '278.00', NULL, '278.00', '5004000.00', NULL, 'ENGORDE', 'ACTIVO', 'ACTIVO', NULL, 0, 0, 0, NULL);
INSERT INTO animales (id, caravana_visual, caravana_rfid, categoria_id, pelaje, peso_inicial, rodeo_id, peso_actual, precio_compra, fecha_nacimiento, negocio_destino, estado_general, estado_sanitario, fecha_liberacion_carencia, campana_aftosa_vigente, vacunado_aftosa, apto_ue, comparador) VALUES (7, 'S/D', NULL, 1, 'SIN ESPECIFICAR', '248.00', NULL, '248.00', '4464000.00', NULL, 'ENGORDE', 'ACTIVO', 'ACTIVO', NULL, 0, 0, 0, 'M');
INSERT INTO animales (id, caravana_visual, caravana_rfid, categoria_id, pelaje, peso_inicial, rodeo_id, peso_actual, precio_compra, fecha_nacimiento, negocio_destino, estado_general, estado_sanitario, fecha_liberacion_carencia, campana_aftosa_vigente, vacunado_aftosa, apto_ue, comparador) VALUES (8, '000855126', NULL, 1, 'ROJO', '158.00', NULL, '158.00', '2844000.00', NULL, 'ENGORDE', 'ACTIVO', 'ACTIVO', NULL, 0, 0, 0, NULL);
INSERT INTO animales (id, caravana_visual, caravana_rfid, categoria_id, pelaje, peso_inicial, rodeo_id, peso_actual, precio_compra, fecha_nacimiento, negocio_destino, estado_general, estado_sanitario, fecha_liberacion_carencia, campana_aftosa_vigente, vacunado_aftosa, apto_ue, comparador) VALUES (9, '000855137', NULL, 1, 'NEGRO', '187.00', NULL, '187.00', '3366000.00', NULL, 'ENGORDE', 'ACTIVO', 'ACTIVO', NULL, 0, 0, 0, NULL);
INSERT INTO animales (id, caravana_visual, caravana_rfid, categoria_id, pelaje, peso_inicial, rodeo_id, peso_actual, precio_compra, fecha_nacimiento, negocio_destino, estado_general, estado_sanitario, fecha_liberacion_carencia, campana_aftosa_vigente, vacunado_aftosa, apto_ue, comparador) VALUES (10, '000855127', NULL, 1, 'BLANCO', '209.00', NULL, '209.00', '3762000.00', NULL, 'ENGORDE', 'ACTIVO', 'ACTIVO', NULL, 0, 0, 0, NULL);
INSERT INTO animales (id, caravana_visual, caravana_rfid, categoria_id, pelaje, peso_inicial, rodeo_id, peso_actual, precio_compra, fecha_nacimiento, negocio_destino, estado_general, estado_sanitario, fecha_liberacion_carencia, campana_aftosa_vigente, vacunado_aftosa, apto_ue, comparador) VALUES (11, '000855138', NULL, 1, 'BLANQUITO', '161.00', NULL, '161.00', '2898000.00', NULL, 'ENGORDE', 'ACTIVO', 'ACTIVO', NULL, 0, 0, 0, NULL);
INSERT INTO animales (id, caravana_visual, caravana_rfid, categoria_id, pelaje, peso_inicial, rodeo_id, peso_actual, precio_compra, fecha_nacimiento, negocio_destino, estado_general, estado_sanitario, fecha_liberacion_carencia, campana_aftosa_vigente, vacunado_aftosa, apto_ue, comparador) VALUES (12, '002260969', NULL, 1, 'SIN ESPECIFICAR', '246.00', NULL, '246.00', '4305000.00', NULL, 'ENGORDE', 'ACTIVO', 'ACTIVO', NULL, 0, 0, 0, NULL);
INSERT INTO animales (id, caravana_visual, caravana_rfid, categoria_id, pelaje, peso_inicial, rodeo_id, peso_actual, precio_compra, fecha_nacimiento, negocio_destino, estado_general, estado_sanitario, fecha_liberacion_carencia, campana_aftosa_vigente, vacunado_aftosa, apto_ue, comparador) VALUES (13, '002971069', NULL, 1, 'NEGRO', '160.00', NULL, '160.00', '2500000.00', NULL, 'ENGORDE', 'ACTIVO', 'ACTIVO', NULL, 0, 0, 0, NULL);
INSERT INTO animales (id, caravana_visual, caravana_rfid, categoria_id, pelaje, peso_inicial, rodeo_id, peso_actual, precio_compra, fecha_nacimiento, negocio_destino, estado_general, estado_sanitario, fecha_liberacion_carencia, campana_aftosa_vigente, vacunado_aftosa, apto_ue, comparador) VALUES (14, '001437979', NULL, 1, 'NEGRO/NILO', '192.00', NULL, '192.00', '3200000.00', NULL, 'ENGORDE', 'ACTIVO', 'ACTIVO', NULL, 0, 0, 0, 'M');
INSERT INTO animales (id, caravana_visual, caravana_rfid, categoria_id, pelaje, peso_inicial, rodeo_id, peso_actual, precio_compra, fecha_nacimiento, negocio_destino, estado_general, estado_sanitario, fecha_liberacion_carencia, campana_aftosa_vigente, vacunado_aftosa, apto_ue, comparador) VALUES (15, '002261311', NULL, 1, 'CHAROLE', '234.00', NULL, '234.00', '3978000.00', NULL, 'ENGORDE', 'ACTIVO', 'ACTIVO', NULL, 0, 0, 0, 'M');
INSERT INTO animales (id, caravana_visual, caravana_rfid, categoria_id, pelaje, peso_inicial, rodeo_id, peso_actual, precio_compra, fecha_nacimiento, negocio_destino, estado_general, estado_sanitario, fecha_liberacion_carencia, campana_aftosa_vigente, vacunado_aftosa, apto_ue, comparador) VALUES (16, '002442457', NULL, 1, 'OSCO VENDIDO', '150.00', NULL, '150.00', '2700000.00', NULL, 'ENGORDE', 'ACTIVO', 'ACTIVO', NULL, 0, 0, 0, 'M');
INSERT INTO animales (id, caravana_visual, caravana_rfid, categoria_id, pelaje, peso_inicial, rodeo_id, peso_actual, precio_compra, fecha_nacimiento, negocio_destino, estado_general, estado_sanitario, fecha_liberacion_carencia, campana_aftosa_vigente, vacunado_aftosa, apto_ue, comparador) VALUES (17, '002444542', NULL, 1, 'ROJITO/ PENDIENTE', '90.00', NULL, '90.00', '1600000.00', NULL, 'ENGORDE', 'ACTIVO', 'ACTIVO', NULL, 0, 0, 0, 'M');
INSERT INTO animales (id, caravana_visual, caravana_rfid, categoria_id, pelaje, peso_inicial, rodeo_id, peso_actual, precio_compra, fecha_nacimiento, negocio_destino, estado_general, estado_sanitario, fecha_liberacion_carencia, campana_aftosa_vigente, vacunado_aftosa, apto_ue, comparador) VALUES (18, '002923066', NULL, 1, 'OVERO GRIS', '120.00', NULL, '120.00', '2500000.00', NULL, 'ENGORDE', 'ACTIVO', 'ACTIVO', NULL, 0, 0, 0, 'M');
INSERT INTO animales (id, caravana_visual, caravana_rfid, categoria_id, pelaje, peso_inicial, rodeo_id, peso_actual, precio_compra, fecha_nacimiento, negocio_destino, estado_general, estado_sanitario, fecha_liberacion_carencia, campana_aftosa_vigente, vacunado_aftosa, apto_ue, comparador) VALUES (19, '002442424', NULL, 1, 'SIN ESPECIFICAR', '230.00', NULL, '230.00', '4140000.00', NULL, 'ENGORDE', 'ACTIVO', 'ACTIVO', NULL, 0, 0, 0, 'M');
INSERT INTO animales (id, caravana_visual, caravana_rfid, categoria_id, pelaje, peso_inicial, rodeo_id, peso_actual, precio_compra, fecha_nacimiento, negocio_destino, estado_general, estado_sanitario, fecha_liberacion_carencia, campana_aftosa_vigente, vacunado_aftosa, apto_ue, comparador) VALUES (20, '002442750', NULL, 1, 'SIN ESPECIFICAR', '196.00', NULL, '196.00', '3528000.00', NULL, 'ENGORDE', 'ACTIVO', 'ACTIVO', NULL, 0, 0, 0, 'M');
INSERT INTO animales (id, caravana_visual, caravana_rfid, categoria_id, pelaje, peso_inicial, rodeo_id, peso_actual, precio_compra, fecha_nacimiento, negocio_destino, estado_general, estado_sanitario, fecha_liberacion_carencia, campana_aftosa_vigente, vacunado_aftosa, apto_ue, comparador) VALUES (21, '002442749', NULL, 1, 'SIN ESPECIFICAR', '274.00', NULL, '274.00', '4932000.00', NULL, 'ENGORDE', 'ACTIVO', 'ACTIVO', NULL, 0, 0, 0, 'M');
INSERT INTO animales (id, caravana_visual, caravana_rfid, categoria_id, pelaje, peso_inicial, rodeo_id, peso_actual, precio_compra, fecha_nacimiento, negocio_destino, estado_general, estado_sanitario, fecha_liberacion_carencia, campana_aftosa_vigente, vacunado_aftosa, apto_ue, comparador) VALUES (22, '002442747', NULL, 1, 'SIN ESPECIFICAR', '268.00', NULL, '268.00', '4824000.00', NULL, 'ENGORDE', 'ACTIVO', 'ACTIVO', NULL, 0, 0, 0, 'M');
INSERT INTO animales (id, caravana_visual, caravana_rfid, categoria_id, pelaje, peso_inicial, rodeo_id, peso_actual, precio_compra, fecha_nacimiento, negocio_destino, estado_general, estado_sanitario, fecha_liberacion_carencia, campana_aftosa_vigente, vacunado_aftosa, apto_ue, comparador) VALUES (23, '002442746', NULL, 1, 'SIN ESPECIFICAR', '171.00', NULL, '171.00', '3078000.00', NULL, 'ENGORDE', 'ACTIVO', 'ACTIVO', NULL, 0, 0, 0, 'M');
INSERT INTO animales (id, caravana_visual, caravana_rfid, categoria_id, pelaje, peso_inicial, rodeo_id, peso_actual, precio_compra, fecha_nacimiento, negocio_destino, estado_general, estado_sanitario, fecha_liberacion_carencia, campana_aftosa_vigente, vacunado_aftosa, apto_ue, comparador) VALUES (24, '002442744', NULL, 1, 'SIN ESPECIFICAR', '200.00', NULL, '200.00', '3600000.00', NULL, 'ENGORDE', 'ACTIVO', 'ACTIVO', NULL, 0, 0, 0, 'M');
INSERT INTO animales (id, caravana_visual, caravana_rfid, categoria_id, pelaje, peso_inicial, rodeo_id, peso_actual, precio_compra, fecha_nacimiento, negocio_destino, estado_general, estado_sanitario, fecha_liberacion_carencia, campana_aftosa_vigente, vacunado_aftosa, apto_ue, comparador) VALUES (25, '002442742', NULL, 1, 'SIN ESPECIFICAR', '232.00', NULL, '232.00', '4176000.00', NULL, 'ENGORDE', 'ACTIVO', 'ACTIVO', NULL, 0, 0, 0, 'M');
INSERT INTO animales (id, caravana_visual, caravana_rfid, categoria_id, pelaje, peso_inicial, rodeo_id, peso_actual, precio_compra, fecha_nacimiento, negocio_destino, estado_general, estado_sanitario, fecha_liberacion_carencia, campana_aftosa_vigente, vacunado_aftosa, apto_ue, comparador) VALUES (26, '002442741', NULL, 1, 'SIN ESPECIFICAR', '147.00', NULL, '147.00', '2646000.00', NULL, 'ENGORDE', 'ACTIVO', 'ACTIVO', NULL, 0, 0, 0, 'M');
INSERT INTO animales (id, caravana_visual, caravana_rfid, categoria_id, pelaje, peso_inicial, rodeo_id, peso_actual, precio_compra, fecha_nacimiento, negocio_destino, estado_general, estado_sanitario, fecha_liberacion_carencia, campana_aftosa_vigente, vacunado_aftosa, apto_ue, comparador) VALUES (27, '002442425', NULL, 1, 'SIN ESPECIFICAR', '231.00', NULL, '231.00', '4158000.00', NULL, 'ENGORDE', 'ACTIVO', 'ACTIVO', NULL, 0, 0, 0, 'M');
INSERT INTO animales (id, caravana_visual, caravana_rfid, categoria_id, pelaje, peso_inicial, rodeo_id, peso_actual, precio_compra, fecha_nacimiento, negocio_destino, estado_general, estado_sanitario, fecha_liberacion_carencia, campana_aftosa_vigente, vacunado_aftosa, apto_ue, comparador) VALUES (28, 'L4-003', NULL, 19, 'SIN ESPECIFICAR', '159.30', NULL, '159.30', '2400000.00', NULL, 'ENGORDE', 'ACTIVO', 'ACTIVO', NULL, 0, 0, 0, NULL);
INSERT INTO animales (id, caravana_visual, caravana_rfid, categoria_id, pelaje, peso_inicial, rodeo_id, peso_actual, precio_compra, fecha_nacimiento, negocio_destino, estado_general, estado_sanitario, fecha_liberacion_carencia, campana_aftosa_vigente, vacunado_aftosa, apto_ue, comparador) VALUES (29, 'L5-003', NULL, 1, 'SIN ESPECIFICAR', '248.30', NULL, '248.30', '4470000.00', NULL, 'ENGORDE', 'ACTIVO', 'ACTIVO', NULL, 0, 0, 0, NULL);
INSERT INTO animales (id, caravana_visual, caravana_rfid, categoria_id, pelaje, peso_inicial, rodeo_id, peso_actual, precio_compra, fecha_nacimiento, negocio_destino, estado_general, estado_sanitario, fecha_liberacion_carencia, campana_aftosa_vigente, vacunado_aftosa, apto_ue, comparador) VALUES (30, 'L7-002', NULL, 1, 'SIN ESPECIFICAR', '200.00', NULL, '200.00', '3500000.00', NULL, 'ENGORDE', 'ACTIVO', 'ACTIVO', NULL, 0, 0, 0, NULL);
INSERT INTO animales (id, caravana_visual, caravana_rfid, categoria_id, pelaje, peso_inicial, rodeo_id, peso_actual, precio_compra, fecha_nacimiento, negocio_destino, estado_general, estado_sanitario, fecha_liberacion_carencia, campana_aftosa_vigente, vacunado_aftosa, apto_ue, comparador) VALUES (31, 'L16-011', NULL, 1, 'SIN ESPECIFICAR', '220.60', NULL, '220.60', '3971455.00', NULL, 'ENGORDE', 'ACTIVO', 'ACTIVO', NULL, 0, 0, 0, NULL);
INSERT INTO animales (id, caravana_visual, caravana_rfid, categoria_id, pelaje, peso_inicial, rodeo_id, peso_actual, precio_compra, fecha_nacimiento, negocio_destino, estado_general, estado_sanitario, fecha_liberacion_carencia, campana_aftosa_vigente, vacunado_aftosa, apto_ue, comparador) VALUES (32, 'L10-002', NULL, 19, 'NEGRO', '172.00', NULL, '172.00', '3000000.00', NULL, 'ENGORDE', 'ACTIVO', 'ACTIVO', NULL, 0, 0, 0, NULL);
INSERT INTO animales (id, caravana_visual, caravana_rfid, categoria_id, pelaje, peso_inicial, rodeo_id, peso_actual, precio_compra, fecha_nacimiento, negocio_destino, estado_general, estado_sanitario, fecha_liberacion_carencia, campana_aftosa_vigente, vacunado_aftosa, apto_ue, comparador) VALUES (33, 'L13-001', NULL, 19, 'OSCO', '150.00', NULL, '150.00', '3200000.00', NULL, 'ENGORDE', 'ACTIVO', 'ACTIVO', NULL, 0, 0, 0, NULL);
INSERT INTO animales (id, caravana_visual, caravana_rfid, categoria_id, pelaje, peso_inicial, rodeo_id, peso_actual, precio_compra, fecha_nacimiento, negocio_destino, estado_general, estado_sanitario, fecha_liberacion_carencia, campana_aftosa_vigente, vacunado_aftosa, apto_ue, comparador) VALUES (34, 'L15-001', NULL, 1, 'ROJO', '2400000.00', NULL, '150.00', '2400000.00', NULL, 'ENGORDE', 'ACTIVO', 'ACTIVO', NULL, 0, 0, 0, NULL);

-- Datos para pesajes
TRUNCATE TABLE pesajes;
INSERT INTO pesajes (id, animal_id, peso_kg, gdp_calculado, fecha) VALUES (2, 2, '160.00', NULL, '2026-02-12 03:00:00');
INSERT INTO pesajes (id, animal_id, peso_kg, gdp_calculado, fecha) VALUES (3, 3, '239.00', NULL, '2026-02-12 03:00:00');
INSERT INTO pesajes (id, animal_id, peso_kg, gdp_calculado, fecha) VALUES (4, 4, '150.00', NULL, '2026-02-24 03:00:00');
INSERT INTO pesajes (id, animal_id, peso_kg, gdp_calculado, fecha) VALUES (5, 5, '180.00', NULL, '2026-02-24 03:00:00');
INSERT INTO pesajes (id, animal_id, peso_kg, gdp_calculado, fecha) VALUES (6, 4, '148.00', NULL, '2026-02-24 03:00:00');
INSERT INTO pesajes (id, animal_id, peso_kg, gdp_calculado, fecha) VALUES (7, 6, '278.00', NULL, '2026-02-24 03:00:00');
INSERT INTO pesajes (id, animal_id, peso_kg, gdp_calculado, fecha) VALUES (8, 7, '262.00', NULL, '2026-02-24 03:00:00');
INSERT INTO pesajes (id, animal_id, peso_kg, gdp_calculado, fecha) VALUES (9, 7, '205.00', NULL, '2026-02-24 03:00:00');
INSERT INTO pesajes (id, animal_id, peso_kg, gdp_calculado, fecha) VALUES (10, 8, '158.00', NULL, '2026-03-02 03:00:00');
INSERT INTO pesajes (id, animal_id, peso_kg, gdp_calculado, fecha) VALUES (11, 9, '187.00', NULL, '2026-03-02 03:00:00');
INSERT INTO pesajes (id, animal_id, peso_kg, gdp_calculado, fecha) VALUES (12, 10, '209.00', NULL, '2026-03-02 03:00:00');
INSERT INTO pesajes (id, animal_id, peso_kg, gdp_calculado, fecha) VALUES (13, 11, '161.00', NULL, '2026-03-02 03:00:00');
INSERT INTO pesajes (id, animal_id, peso_kg, gdp_calculado, fecha) VALUES (14, 7, '217.00', NULL, '2026-02-10 03:00:00');
INSERT INTO pesajes (id, animal_id, peso_kg, gdp_calculado, fecha) VALUES (15, 7, '183.00', NULL, '2026-02-10 03:00:00');
INSERT INTO pesajes (id, animal_id, peso_kg, gdp_calculado, fecha) VALUES (16, 12, '246.00', NULL, '2026-02-10 03:00:00');
INSERT INTO pesajes (id, animal_id, peso_kg, gdp_calculado, fecha) VALUES (17, 13, '160.00', NULL, '2026-01-13 03:00:00');
INSERT INTO pesajes (id, animal_id, peso_kg, gdp_calculado, fecha) VALUES (18, 7, '152.00', NULL, '2026-02-26 03:00:00');
INSERT INTO pesajes (id, animal_id, peso_kg, gdp_calculado, fecha) VALUES (19, 14, '192.00', NULL, '2026-02-26 03:00:00');
INSERT INTO pesajes (id, animal_id, peso_kg, gdp_calculado, fecha) VALUES (20, 15, '234.00', NULL, '2026-02-09 03:00:00');
INSERT INTO pesajes (id, animal_id, peso_kg, gdp_calculado, fecha) VALUES (21, 16, '150.00', NULL, '2026-02-05 03:00:00');
INSERT INTO pesajes (id, animal_id, peso_kg, gdp_calculado, fecha) VALUES (22, 17, '90.00', NULL, '2026-02-05 03:00:00');
INSERT INTO pesajes (id, animal_id, peso_kg, gdp_calculado, fecha) VALUES (23, 7, '150.00', NULL, '2026-02-02 03:00:00');
INSERT INTO pesajes (id, animal_id, peso_kg, gdp_calculado, fecha) VALUES (24, 18, '120.00', NULL, '2026-02-03 03:00:00');
INSERT INTO pesajes (id, animal_id, peso_kg, gdp_calculado, fecha) VALUES (25, 7, '2400000.00', NULL, '2026-01-23 03:00:00');
INSERT INTO pesajes (id, animal_id, peso_kg, gdp_calculado, fecha) VALUES (26, 7, '230.00', NULL, '2026-03-04 03:00:00');
INSERT INTO pesajes (id, animal_id, peso_kg, gdp_calculado, fecha) VALUES (27, 19, '230.00', NULL, '2026-03-04 03:00:00');
INSERT INTO pesajes (id, animal_id, peso_kg, gdp_calculado, fecha) VALUES (28, 20, '196.00', NULL, '2026-03-04 03:00:00');
INSERT INTO pesajes (id, animal_id, peso_kg, gdp_calculado, fecha) VALUES (29, 21, '274.00', NULL, '2026-03-04 03:00:00');
INSERT INTO pesajes (id, animal_id, peso_kg, gdp_calculado, fecha) VALUES (30, 22, '268.00', NULL, '2026-03-04 03:00:00');
INSERT INTO pesajes (id, animal_id, peso_kg, gdp_calculado, fecha) VALUES (31, 23, '171.00', NULL, '2026-03-04 03:00:00');
INSERT INTO pesajes (id, animal_id, peso_kg, gdp_calculado, fecha) VALUES (32, 24, '200.00', NULL, '2026-03-04 03:00:00');
INSERT INTO pesajes (id, animal_id, peso_kg, gdp_calculado, fecha) VALUES (33, 25, '232.00', NULL, '2026-03-04 03:00:00');
INSERT INTO pesajes (id, animal_id, peso_kg, gdp_calculado, fecha) VALUES (34, 26, '147.00', NULL, '2026-03-04 03:00:00');
INSERT INTO pesajes (id, animal_id, peso_kg, gdp_calculado, fecha) VALUES (35, 27, '231.00', NULL, '2026-03-04 03:00:00');
INSERT INTO pesajes (id, animal_id, peso_kg, gdp_calculado, fecha) VALUES (36, 7, '248.00', NULL, '2026-03-04 03:00:00');
INSERT INTO pesajes (id, animal_id, peso_kg, gdp_calculado, fecha) VALUES (37, 28, '159.30', NULL, '2026-02-24 03:00:00');
INSERT INTO pesajes (id, animal_id, peso_kg, gdp_calculado, fecha) VALUES (38, 29, '248.30', NULL, '2026-02-24 03:00:00');
INSERT INTO pesajes (id, animal_id, peso_kg, gdp_calculado, fecha) VALUES (39, 30, '200.00', NULL, '2026-02-10 03:00:00');
INSERT INTO pesajes (id, animal_id, peso_kg, gdp_calculado, fecha) VALUES (40, 31, '220.60', NULL, '2026-03-04 03:00:00');
INSERT INTO pesajes (id, animal_id, peso_kg, gdp_calculado, fecha) VALUES (41, 30, '200.00', NULL, '2026-02-10 03:00:00');
INSERT INTO pesajes (id, animal_id, peso_kg, gdp_calculado, fecha) VALUES (42, 32, '172.00', NULL, '2026-02-26 03:00:00');
INSERT INTO pesajes (id, animal_id, peso_kg, gdp_calculado, fecha) VALUES (43, 33, '150.00', NULL, '2026-02-02 03:00:00');
INSERT INTO pesajes (id, animal_id, peso_kg, gdp_calculado, fecha) VALUES (44, 34, '2400000.00', NULL, '2026-01-23 03:00:00');
INSERT INTO pesajes (id, animal_id, peso_kg, gdp_calculado, fecha) VALUES (45, 31, '220.60', NULL, '2026-03-04 03:00:00');
INSERT INTO pesajes (id, animal_id, peso_kg, gdp_calculado, fecha) VALUES (46, 30, '200.00', NULL, '2026-02-10 03:00:00');
INSERT INTO pesajes (id, animal_id, peso_kg, gdp_calculado, fecha) VALUES (47, 31, '220.60', NULL, '2026-03-04 03:00:00');
INSERT INTO pesajes (id, animal_id, peso_kg, gdp_calculado, fecha) VALUES (48, 30, '200.00', NULL, '2026-02-10 03:00:00');
INSERT INTO pesajes (id, animal_id, peso_kg, gdp_calculado, fecha) VALUES (49, 31, '220.60', NULL, '2026-03-04 03:00:00');
INSERT INTO pesajes (id, animal_id, peso_kg, gdp_calculado, fecha) VALUES (51, 30, '200.00', NULL, '2026-02-10 03:00:00');
INSERT INTO pesajes (id, animal_id, peso_kg, gdp_calculado, fecha) VALUES (52, 31, '220.60', NULL, '2026-03-04 03:00:00');

-- Datos para movimientos_ingreso
TRUNCATE TABLE movimientos_ingreso;
INSERT INTO movimientos_ingreso (id, compra_lote_id, nro_cot, nro_guia_traslado, fecha_ingreso, origen, foto_marca_path, animal_id) VALUES (2, 2, 'LOTE-2', '', '2026-02-12 03:00:00', 'San Jorge', NULL, 2);
INSERT INTO movimientos_ingreso (id, compra_lote_id, nro_cot, nro_guia_traslado, fecha_ingreso, origen, foto_marca_path, animal_id) VALUES (3, 3, 'LOTE-3', '', '2026-02-12 03:00:00', 'Ita Hugua', NULL, 3);
INSERT INTO movimientos_ingreso (id, compra_lote_id, nro_cot, nro_guia_traslado, fecha_ingreso, origen, foto_marca_path, animal_id) VALUES (4, 4, 'LOTE-4', '', '2026-02-24 03:00:00', 'Ita Hugua', NULL, 4);
INSERT INTO movimientos_ingreso (id, compra_lote_id, nro_cot, nro_guia_traslado, fecha_ingreso, origen, foto_marca_path, animal_id) VALUES (5, 4, 'LOTE-4', '', '2026-02-24 03:00:00', 'Ita Hugua', NULL, 5);
INSERT INTO movimientos_ingreso (id, compra_lote_id, nro_cot, nro_guia_traslado, fecha_ingreso, origen, foto_marca_path, animal_id) VALUES (6, 4, 'LOTE-4', '', '2026-02-24 03:00:00', 'Ita Hugua', NULL, NULL);
INSERT INTO movimientos_ingreso (id, compra_lote_id, nro_cot, nro_guia_traslado, fecha_ingreso, origen, foto_marca_path, animal_id) VALUES (7, 5, 'LOTE-5', '', '2026-02-24 03:00:00', 'Ka''atygue', NULL, 6);
INSERT INTO movimientos_ingreso (id, compra_lote_id, nro_cot, nro_guia_traslado, fecha_ingreso, origen, foto_marca_path, animal_id) VALUES (8, 5, 'LOTE-5', '', '2026-02-24 03:00:00', 'Ka''atygue', NULL, 7);
INSERT INTO movimientos_ingreso (id, compra_lote_id, nro_cot, nro_guia_traslado, fecha_ingreso, origen, foto_marca_path, animal_id) VALUES (9, 5, 'LOTE-5', '', '2026-02-24 03:00:00', 'Ka''atygue', NULL, NULL);
INSERT INTO movimientos_ingreso (id, compra_lote_id, nro_cot, nro_guia_traslado, fecha_ingreso, origen, foto_marca_path, animal_id) VALUES (10, 6, 'LOTE-6', '', '2026-03-02 03:00:00', 'Ka''atygue', NULL, 8);
INSERT INTO movimientos_ingreso (id, compra_lote_id, nro_cot, nro_guia_traslado, fecha_ingreso, origen, foto_marca_path, animal_id) VALUES (11, 6, 'LOTE-6', '', '2026-03-02 03:00:00', 'Ka''atygue', NULL, 9);
INSERT INTO movimientos_ingreso (id, compra_lote_id, nro_cot, nro_guia_traslado, fecha_ingreso, origen, foto_marca_path, animal_id) VALUES (12, 6, 'LOTE-6', '', '2026-03-02 03:00:00', 'Ka''atygue', NULL, 10);
INSERT INTO movimientos_ingreso (id, compra_lote_id, nro_cot, nro_guia_traslado, fecha_ingreso, origen, foto_marca_path, animal_id) VALUES (13, 6, 'LOTE-6', '', '2026-03-02 03:00:00', 'Ka''atygue', NULL, 11);
INSERT INTO movimientos_ingreso (id, compra_lote_id, nro_cot, nro_guia_traslado, fecha_ingreso, origen, foto_marca_path, animal_id) VALUES (14, 7, 'LOTE-7', '10894448', '2026-02-10 03:00:00', 'Ka''atygue', NULL, NULL);
INSERT INTO movimientos_ingreso (id, compra_lote_id, nro_cot, nro_guia_traslado, fecha_ingreso, origen, foto_marca_path, animal_id) VALUES (15, 7, 'LOTE-7', '10894448', '2026-02-10 03:00:00', 'Ka''atygue', NULL, NULL);
INSERT INTO movimientos_ingreso (id, compra_lote_id, nro_cot, nro_guia_traslado, fecha_ingreso, origen, foto_marca_path, animal_id) VALUES (16, 8, 'LOTE-8', '10886466', '2026-02-10 03:00:00', 'San Jorge', NULL, 12);
INSERT INTO movimientos_ingreso (id, compra_lote_id, nro_cot, nro_guia_traslado, fecha_ingreso, origen, foto_marca_path, animal_id) VALUES (17, 9, 'LOTE-9', '10897803', '2026-01-13 03:00:00', 'Ykuasatî', NULL, 13);
INSERT INTO movimientos_ingreso (id, compra_lote_id, nro_cot, nro_guia_traslado, fecha_ingreso, origen, foto_marca_path, animal_id) VALUES (18, 10, 'LOTE-10', '10896476', '2026-02-26 03:00:00', '3 de mayo', NULL, NULL);
INSERT INTO movimientos_ingreso (id, compra_lote_id, nro_cot, nro_guia_traslado, fecha_ingreso, origen, foto_marca_path, animal_id) VALUES (19, 10, 'LOTE-10', '10896476', '2026-02-26 03:00:00', '3 de mayo', NULL, 14);
INSERT INTO movimientos_ingreso (id, compra_lote_id, nro_cot, nro_guia_traslado, fecha_ingreso, origen, foto_marca_path, animal_id) VALUES (20, 11, 'LOTE-11', '10892104', '2026-02-09 03:00:00', 'San Jose', NULL, 15);
INSERT INTO movimientos_ingreso (id, compra_lote_id, nro_cot, nro_guia_traslado, fecha_ingreso, origen, foto_marca_path, animal_id) VALUES (21, 12, 'LOTE-12', '10891035', '2026-02-05 03:00:00', 'Yacarey', NULL, 16);
INSERT INTO movimientos_ingreso (id, compra_lote_id, nro_cot, nro_guia_traslado, fecha_ingreso, origen, foto_marca_path, animal_id) VALUES (22, 12, 'LOTE-12', '10891035', '2026-02-05 03:00:00', 'Yacarey', NULL, 17);
INSERT INTO movimientos_ingreso (id, compra_lote_id, nro_cot, nro_guia_traslado, fecha_ingreso, origen, foto_marca_path, animal_id) VALUES (23, 13, 'LOTE-13', '10887769', '2026-02-02 03:00:00', '', NULL, NULL);
INSERT INTO movimientos_ingreso (id, compra_lote_id, nro_cot, nro_guia_traslado, fecha_ingreso, origen, foto_marca_path, animal_id) VALUES (24, 14, 'LOTE-14', '10872987', '2026-02-03 03:00:00', 'Ita Hugua', NULL, 18);
INSERT INTO movimientos_ingreso (id, compra_lote_id, nro_cot, nro_guia_traslado, fecha_ingreso, origen, foto_marca_path, animal_id) VALUES (25, 15, 'LOTE-15', '10871952', '2026-01-23 03:00:00', 'Cerca del pueblo', NULL, NULL);
INSERT INTO movimientos_ingreso (id, compra_lote_id, nro_cot, nro_guia_traslado, fecha_ingreso, origen, foto_marca_path, animal_id) VALUES (26, 16, 'LOTE-16', '', '2026-03-04 03:00:00', 'Cerca del pueblo', NULL, NULL);
INSERT INTO movimientos_ingreso (id, compra_lote_id, nro_cot, nro_guia_traslado, fecha_ingreso, origen, foto_marca_path, animal_id) VALUES (27, 16, 'LOTE-16', '', '2026-03-04 03:00:00', 'Cerca del pueblo', NULL, 19);
INSERT INTO movimientos_ingreso (id, compra_lote_id, nro_cot, nro_guia_traslado, fecha_ingreso, origen, foto_marca_path, animal_id) VALUES (28, 16, 'LOTE-16', '', '2026-03-04 03:00:00', 'Cerca del pueblo', NULL, 20);
INSERT INTO movimientos_ingreso (id, compra_lote_id, nro_cot, nro_guia_traslado, fecha_ingreso, origen, foto_marca_path, animal_id) VALUES (29, 16, 'LOTE-16', '', '2026-03-04 03:00:00', 'Cerca del pueblo', NULL, 21);
INSERT INTO movimientos_ingreso (id, compra_lote_id, nro_cot, nro_guia_traslado, fecha_ingreso, origen, foto_marca_path, animal_id) VALUES (30, 16, 'LOTE-16', '', '2026-03-04 03:00:00', 'Cerca del pueblo', NULL, 22);
INSERT INTO movimientos_ingreso (id, compra_lote_id, nro_cot, nro_guia_traslado, fecha_ingreso, origen, foto_marca_path, animal_id) VALUES (31, 16, 'LOTE-16', '', '2026-03-04 03:00:00', 'Cerca del pueblo', NULL, 23);
INSERT INTO movimientos_ingreso (id, compra_lote_id, nro_cot, nro_guia_traslado, fecha_ingreso, origen, foto_marca_path, animal_id) VALUES (32, 16, 'LOTE-16', '', '2026-03-04 03:00:00', 'Cerca del pueblo', NULL, 24);
INSERT INTO movimientos_ingreso (id, compra_lote_id, nro_cot, nro_guia_traslado, fecha_ingreso, origen, foto_marca_path, animal_id) VALUES (33, 16, 'LOTE-16', '', '2026-03-04 03:00:00', 'Cerca del pueblo', NULL, 25);
INSERT INTO movimientos_ingreso (id, compra_lote_id, nro_cot, nro_guia_traslado, fecha_ingreso, origen, foto_marca_path, animal_id) VALUES (34, 16, 'LOTE-16', '', '2026-03-04 03:00:00', 'Cerca del pueblo', NULL, 26);
INSERT INTO movimientos_ingreso (id, compra_lote_id, nro_cot, nro_guia_traslado, fecha_ingreso, origen, foto_marca_path, animal_id) VALUES (35, 16, 'LOTE-16', '', '2026-03-04 03:00:00', 'Cerca del pueblo', NULL, 27);
INSERT INTO movimientos_ingreso (id, compra_lote_id, nro_cot, nro_guia_traslado, fecha_ingreso, origen, foto_marca_path, animal_id) VALUES (36, 16, 'LOTE-16', '', '2026-03-04 03:00:00', 'Cerca del pueblo', NULL, NULL);
INSERT INTO movimientos_ingreso (id, compra_lote_id, nro_cot, nro_guia_traslado, fecha_ingreso, origen, foto_marca_path, animal_id) VALUES (37, 4, 'LOTE-4', '', '2026-02-24 03:00:00', 'Ita Hugua', NULL, 28);
INSERT INTO movimientos_ingreso (id, compra_lote_id, nro_cot, nro_guia_traslado, fecha_ingreso, origen, foto_marca_path, animal_id) VALUES (38, 5, 'LOTE-5', '', '2026-02-24 03:00:00', 'Ka''atygue', NULL, 29);
INSERT INTO movimientos_ingreso (id, compra_lote_id, nro_cot, nro_guia_traslado, fecha_ingreso, origen, foto_marca_path, animal_id) VALUES (39, 7, 'LOTE-7', '10894448', '2026-02-10 03:00:00', 'San Jorge', NULL, 30);
INSERT INTO movimientos_ingreso (id, compra_lote_id, nro_cot, nro_guia_traslado, fecha_ingreso, origen, foto_marca_path, animal_id) VALUES (40, 16, 'LOTE-16', '', '2026-03-04 03:00:00', 'Cerca del pueblo', NULL, 31);
INSERT INTO movimientos_ingreso (id, compra_lote_id, nro_cot, nro_guia_traslado, fecha_ingreso, origen, foto_marca_path, animal_id) VALUES (41, 7, 'LOTE-7', '10894448', '2026-02-10 03:00:00', 'San Jorge', NULL, NULL);
INSERT INTO movimientos_ingreso (id, compra_lote_id, nro_cot, nro_guia_traslado, fecha_ingreso, origen, foto_marca_path, animal_id) VALUES (42, 10, 'LOTE-10', '10896476', '2026-02-26 03:00:00', '3 de mayo', NULL, 32);
INSERT INTO movimientos_ingreso (id, compra_lote_id, nro_cot, nro_guia_traslado, fecha_ingreso, origen, foto_marca_path, animal_id) VALUES (43, 13, 'LOTE-13', '10887769', '2026-02-02 03:00:00', '', NULL, 33);
INSERT INTO movimientos_ingreso (id, compra_lote_id, nro_cot, nro_guia_traslado, fecha_ingreso, origen, foto_marca_path, animal_id) VALUES (44, 15, 'LOTE-15', '10871952', '2026-01-23 03:00:00', 'Cerca del pueblo', NULL, 34);
INSERT INTO movimientos_ingreso (id, compra_lote_id, nro_cot, nro_guia_traslado, fecha_ingreso, origen, foto_marca_path, animal_id) VALUES (45, 16, 'LOTE-16', '', '2026-03-04 03:00:00', 'Cerca del pueblo', NULL, NULL);
INSERT INTO movimientos_ingreso (id, compra_lote_id, nro_cot, nro_guia_traslado, fecha_ingreso, origen, foto_marca_path, animal_id) VALUES (46, 7, 'LOTE-7', '10894448', '2026-02-10 03:00:00', 'San Jorge', NULL, NULL);
INSERT INTO movimientos_ingreso (id, compra_lote_id, nro_cot, nro_guia_traslado, fecha_ingreso, origen, foto_marca_path, animal_id) VALUES (47, 16, 'LOTE-16', '', '2026-03-04 03:00:00', 'Cerca del pueblo', NULL, NULL);
INSERT INTO movimientos_ingreso (id, compra_lote_id, nro_cot, nro_guia_traslado, fecha_ingreso, origen, foto_marca_path, animal_id) VALUES (48, 7, 'LOTE-7', '10894448', '2026-02-10 03:00:00', 'San Jorge', NULL, NULL);
INSERT INTO movimientos_ingreso (id, compra_lote_id, nro_cot, nro_guia_traslado, fecha_ingreso, origen, foto_marca_path, animal_id) VALUES (49, 16, 'LOTE-16', '', '2026-03-04 03:00:00', 'Cerca del pueblo', NULL, NULL);
INSERT INTO movimientos_ingreso (id, compra_lote_id, nro_cot, nro_guia_traslado, fecha_ingreso, origen, foto_marca_path, animal_id) VALUES (50, 7, 'LOTE-7', '10894448', '2026-02-10 03:00:00', 'San Jorge', NULL, 30);
INSERT INTO movimientos_ingreso (id, compra_lote_id, nro_cot, nro_guia_traslado, fecha_ingreso, origen, foto_marca_path, animal_id) VALUES (51, 16, 'LOTE-16', '', '2026-03-04 03:00:00', 'Cerca del pueblo', NULL, 31);

-- Datos para agenda
TRUNCATE TABLE agenda;
INSERT INTO agenda (id, titulo, descripcion, tipo, fecha_hora, ubicacion, created_at) VALUES (1, 'COMPRA ', '', 'COMPRA', '2026-03-05 15:03:00', 'MBIJUI ', '2026-03-05 16:03:55');

SET FOREIGN_KEY_CHECKS = 1;
